[
    {
        "fields": {
            "lastmodified": "2012-10-02T00:25:05Z",
            "replaces": null,
            "description": "SIP"
        },
        "model": "main.metadataappliestotype",
        "pk": "3e48343d-e2d2-4956-aaa3-b54d26eb9761"
    },
    {
        "fields": {
            "lastmodified": "2012-10-02T00:25:05Z",
            "replaces": null,
            "description": "Transfer"
        },
        "model": "main.metadataappliestotype",
        "pk": "45696327-44c5-4e78-849b-e027a189bf4d"
    },
    {
        "fields": {
            "lastmodified": "2012-10-02T00:25:05Z",
            "replaces": null,
            "description": "File"
        },
        "model": "main.metadataappliestotype",
        "pk": "7f04d9d4-92c2-44a5-93dc-b7bfdf0c1f17"
    },
    {
        "fields": {
            "agenttype": "software",
            "identifiervalue": "a3m (unknown version)",
            "name": "a3m",
            "identifiertype": "preservation system"
        },
        "model": "main.agent",
        "pk": 1
    },
    {
        "fields": {
            "agenttype": "organization",
            "identifiervalue": "test",
            "name": "test",
            "identifiertype": "repository code"
        },
        "model": "main.agent",
        "pk": 2
    },
    {
        "fields": {
            "fieldlabel": "Image fixity",
            "optiontaxonomy": null,
            "fieldname": "image_fixity",
            "fieldtype": "textarea",
            "createdtime": "2020-04-12T12:49:40.579Z",
            "sortorder": 14
        },
        "model": "main.transfermetadatafield",
        "pk": "0a9e346a-f08c-4e0d-9753-d9733f7205e5"
    },
    {
        "fields": {
            "fieldlabel": "Imaging software",
            "optiontaxonomy": "cae76c7f-4d8e-48ee-9522-4b3fbf492516",
            "fieldname": "imaging_software",
            "fieldtype": "select",
            "createdtime": "2020-04-12T12:49:40.580Z",
            "sortorder": 13
        },
        "model": "main.transfermetadatafield",
        "pk": "0c1b4233-fbe7-463f-8346-be6542574b86"
    },
    {
        "fields": {
            "fieldlabel": "Media format",
            "optiontaxonomy": "312fc2b3-d786-458d-a762-57add7f96c22",
            "fieldname": "media_format",
            "fieldtype": "select",
            "createdtime": "2020-04-12T12:49:40.581Z",
            "sortorder": 4
        },
        "model": "main.transfermetadatafield",
        "pk": "13f97ff6-b312-4ab6-aea1-8438a55ae581"
    },
    {
        "fields": {
            "fieldlabel": "Serial number",
            "optiontaxonomy": null,
            "fieldname": "serial_number",
            "fieldtype": "text",
            "createdtime": "2020-04-12T12:49:40.589Z",
            "sortorder": 3
        },
        "model": "main.transfermetadatafield",
        "pk": "277727e4-b621-4f68-acb4-5689f81f31cd"
    },
    {
        "fields": {
            "fieldlabel": "Examiner",
            "optiontaxonomy": null,
            "fieldname": "examiner",
            "fieldtype": "text",
            "createdtime": "2020-04-12T12:49:40.590Z",
            "sortorder": 9
        },
        "model": "main.transfermetadatafield",
        "pk": "2c1844af-1217-4fdb-afbe-a052a91b7265"
    },
    {
        "fields": {
            "fieldlabel": "Imaging success",
            "optiontaxonomy": null,
            "fieldname": "imaging_success",
            "fieldtype": "text",
            "createdtime": "2020-04-12T12:49:40.590Z",
            "sortorder": 11
        },
        "model": "main.transfermetadatafield",
        "pk": "32f0f054-96d1-42ed-add6-7aa053237b02"
    },
    {
        "fields": {
            "fieldlabel": "Media manufacture",
            "optiontaxonomy": null,
            "fieldname": "media_manufacture",
            "fieldtype": "text",
            "createdtime": "2020-04-12T12:49:40.591Z",
            "sortorder": 2
        },
        "model": "main.transfermetadatafield",
        "pk": "367ef53b-49d6-4a4e-8b2f-10267d6a7db1"
    },
    {
        "fields": {
            "fieldlabel": "Imaging date",
            "optiontaxonomy": null,
            "fieldname": "imaging_date",
            "fieldtype": "text",
            "createdtime": "2020-04-12T12:49:40.592Z",
            "sortorder": 10
        },
        "model": "main.transfermetadatafield",
        "pk": "38df3f82-5695-46d3-b4e2-df68a872778a"
    },
    {
        "fields": {
            "fieldlabel": "Imaging process notes",
            "optiontaxonomy": null,
            "fieldname": "imaging_process_notes",
            "fieldtype": "textarea",
            "createdtime": "2020-04-12T12:49:40.592Z",
            "sortorder": 7
        },
        "model": "main.transfermetadatafield",
        "pk": "7ab79b42-1c84-420e-9169-e6bdf20141df"
    },
    {
        "fields": {
            "fieldlabel": "Media density",
            "optiontaxonomy": "f6980e68-bac2-46db-842b-da4eba4ba418",
            "fieldname": "media_density",
            "fieldtype": "select",
            "createdtime": "2020-04-12T12:49:40.593Z",
            "sortorder": 5
        },
        "model": "main.transfermetadatafield",
        "pk": "a0d80573-e6ef-412e-a7a7-69bdfe3f6f8f"
    },
    {
        "fields": {
            "fieldlabel": "Label text",
            "optiontaxonomy": null,
            "fieldname": "label_text",
            "fieldtype": "textarea",
            "createdtime": "2020-04-12T12:49:40.594Z",
            "sortorder": 1
        },
        "model": "main.transfermetadatafield",
        "pk": "a9a4efa8-d8ab-4b32-8875-b10da835621c"
    },
    {
        "fields": {
            "fieldlabel": "Imaging interface",
            "optiontaxonomy": "fbf318db-4908-4971-8273-1094d2ba29a6",
            "fieldname": "imaging_interface",
            "fieldtype": "select",
            "createdtime": "2020-04-12T12:49:40.595Z",
            "sortorder": 8
        },
        "model": "main.transfermetadatafield",
        "pk": "af677693-524d-42af-be6c-d0f6a8976db1"
    },
    {
        "fields": {
            "fieldlabel": "Source filesystem",
            "optiontaxonomy": "31e0bdc9-1114-4427-9f37-ca284577dcac",
            "fieldname": "source_filesystem",
            "fieldtype": "select",
            "createdtime": "2020-04-12T12:49:40.595Z",
            "sortorder": 6
        },
        "model": "main.transfermetadatafield",
        "pk": "c9344f6f-f881-4d2e-9ffa-26b7f5e42a11"
    },
    {
        "fields": {
            "fieldlabel": "Image format",
            "optiontaxonomy": "cc4231ef-9886-4722-82ec-917e60d3b2c7",
            "fieldname": "image_format",
            "fieldtype": "select",
            "createdtime": "2020-04-12T12:49:40.596Z",
            "sortorder": 12
        },
        "model": "main.transfermetadatafield",
        "pk": "d3b5b380-8901-4e68-8c40-3d59578810f4"
    },
    {
        "fields": {
            "fieldlabel": "Media number",
            "optiontaxonomy": null,
            "fieldname": "media_number",
            "fieldtype": "text",
            "createdtime": "2020-04-12T12:49:40.597Z",
            "sortorder": 0
        },
        "model": "main.transfermetadatafield",
        "pk": "fc69452c-ca57-448d-a46b-873afdd55e15"
    },
    {
        "fields": {
            "createdtime": "2020-04-12T12:49:40.554Z",
            "type": "",
            "name": "Disk media formats"
        },
        "model": "main.taxonomy",
        "pk": "312fc2b3-d786-458d-a762-57add7f96c22"
    },
    {
        "fields": {
            "createdtime": "2020-04-12T12:49:40.555Z",
            "type": "",
            "name": "Filesystem types"
        },
        "model": "main.taxonomy",
        "pk": "31e0bdc9-1114-4427-9f37-ca284577dcac"
    },
    {
        "fields": {
            "createdtime": "2020-04-12T12:49:40.556Z",
            "type": "",
            "name": "Disk imaging software"
        },
        "model": "main.taxonomy",
        "pk": "cae76c7f-4d8e-48ee-9522-4b3fbf492516"
    },
    {
        "fields": {
            "createdtime": "2020-04-12T12:49:40.556Z",
            "type": "",
            "name": "Disk image format"
        },
        "model": "main.taxonomy",
        "pk": "cc4231ef-9886-4722-82ec-917e60d3b2c7"
    },
    {
        "fields": {
            "createdtime": "2020-04-12T12:49:40.557Z",
            "type": "",
            "name": "Disk media densities"
        },
        "model": "main.taxonomy",
        "pk": "f6980e68-bac2-46db-842b-da4eba4ba418"
    },
    {
        "fields": {
            "createdtime": "2020-04-12T12:49:40.558Z",
            "type": "",
            "name": "Disk imaging interfaces"
        },
        "model": "main.taxonomy",
        "pk": "fbf318db-4908-4971-8273-1094d2ba29a6"
    },
    {
        "fields": {
            "createdtime": "2020-04-12T12:49:40.558Z",
            "taxonomy": "31e0bdc9-1114-4427-9f37-ca284577dcac",
            "term": "FAT"
        },
        "model": "main.taxonomyterm",
        "pk": "0d6d40b5-8bf8-431d-8dd2-23d6b0b17ca0"
    },
    {
        "fields": {
            "createdtime": "2020-04-12T12:49:40.563Z",
            "taxonomy": "fbf318db-4908-4971-8273-1094d2ba29a6",
            "term": "Catweasel"
        },
        "model": "main.taxonomyterm",
        "pk": "35097f1b-094a-40bc-ba0c-f1260b50042a"
    },
    {
        "fields": {
            "createdtime": "2020-04-12T12:49:40.564Z",
            "taxonomy": "cae76c7f-4d8e-48ee-9522-4b3fbf492516",
            "term": "FTK imager 3.1.0.1514"
        },
        "model": "main.taxonomyterm",
        "pk": "38ad5611-f05a-45d4-ac20-541c89bf0167"
    },
    {
        "fields": {
            "createdtime": "2020-04-12T12:49:40.571Z",
            "taxonomy": "fbf318db-4908-4971-8273-1094d2ba29a6",
            "term": "Firewire"
        },
        "model": "main.taxonomyterm",
        "pk": "53e7764a-f711-486d-a0aa-8ec10d1d8da5"
    },
    {
        "fields": {
            "createdtime": "2020-04-12T12:49:40.572Z",
            "taxonomy": "fbf318db-4908-4971-8273-1094d2ba29a6",
            "term": "USB"
        },
        "model": "main.taxonomyterm",
        "pk": "6774c7ce-a760-4f29-a7a3-b948f3769f71"
    },
    {
        "fields": {
            "createdtime": "2020-04-12T12:49:40.573Z",
            "taxonomy": "cae76c7f-4d8e-48ee-9522-4b3fbf492516",
            "term": "Kryoflux"
        },
        "model": "main.taxonomyterm",
        "pk": "6836caa4-8a0f-465e-be1b-4d8c547a7bf4"
    },
    {
        "fields": {
            "createdtime": "2020-04-12T12:49:40.573Z",
            "taxonomy": "fbf318db-4908-4971-8273-1094d2ba29a6",
            "term": "IDE"
        },
        "model": "main.taxonomyterm",
        "pk": "6e368167-ea3e-45cd-adf2-60513a7e1802"
    },
    {
        "fields": {
            "createdtime": "2020-04-12T12:49:40.574Z",
            "taxonomy": "f6980e68-bac2-46db-842b-da4eba4ba418",
            "term": "Double density"
        },
        "model": "main.taxonomyterm",
        "pk": "82a367f5-8157-4ac4-a5eb-3b59aac78d16"
    },
    {
        "fields": {
            "createdtime": "2020-04-12T12:49:40.575Z",
            "taxonomy": "312fc2b3-d786-458d-a762-57add7f96c22",
            "term": "3.5\" floppy"
        },
        "model": "main.taxonomyterm",
        "pk": "867ab18d-e860-445f-a254-8fcdebfe95b6"
    },
    {
        "fields": {
            "createdtime": "2020-04-12T12:49:40.576Z",
            "taxonomy": "cc4231ef-9886-4722-82ec-917e60d3b2c7",
            "term": "AD1"
        },
        "model": "main.taxonomyterm",
        "pk": "a3a6e30d-810f-4300-8461-1b41a7b383f1"
    },
    {
        "fields": {
            "createdtime": "2020-04-12T12:49:40.576Z",
            "taxonomy": "312fc2b3-d786-458d-a762-57add7f96c22",
            "term": "5.25\" floppy"
        },
        "model": "main.taxonomyterm",
        "pk": "c41922d6-e716-4822-a385-e2fb0009465b"
    },
    {
        "fields": {
            "createdtime": "2020-04-12T12:49:40.577Z",
            "taxonomy": "31e0bdc9-1114-4427-9f37-ca284577dcac",
            "term": "HFS"
        },
        "model": "main.taxonomyterm",
        "pk": "db34d5e1-0c93-4faa-bb1c-c5f5ebae6764"
    },
    {
        "fields": {
            "createdtime": "2020-04-12T12:49:40.578Z",
            "taxonomy": "f6980e68-bac2-46db-842b-da4eba4ba418",
            "term": "Single density"
        },
        "model": "main.taxonomyterm",
        "pk": "e4edb250-d70a-4f63-8234-948b05b1163e"
    },
    {
        "fields": {
            "createdtime": "2020-04-12T12:49:40.578Z",
            "taxonomy": "cc4231ef-9886-4722-82ec-917e60d3b2c7",
            "term": "AFF3"
        },
        "model": "main.taxonomyterm",
        "pk": "fcefbea2-848c-4685-9032-18a87cbc7a04"
    }
]
